Insulation,Temperature,Heating_Oil,Num_Occupants,Avg_Age,Home_Size
4,74,132,4,23.8,4
0,43,263,4,56.7,4
7,81,145,2,28,6
1,50,196,4,45.1,3
8,80,131,5,20.8,2
5,76,129,3,21.5,3
5,72,131,4,23.5,3
4,88,161,2,38.2,6
5,77,184,3,42.5,3
0,42,225,3,51.1,1
4,90,178,2,42.1,2
7,83,121,1,19.8,2
0,43,186,5,45.1,6
2,59,206,2,50.1,8
6,86,179,5,41.4,6
6,80,156,3,32.8,3
6,78,135,4,22.8,5
6,76,186,1,50.5,4
0,47,282,2,62,6
0,55,193,4,47.1,8
0,55,295,2,66.9,5
5,75,136,1,23,7
5,75,142,2,26.7,2
0,57,262,1,58.6,6
5,73,120,1,21.3,2
3,56,275,1,59.5,5
1,43,207,4,23,3
0,45,243,2,54.5,5
2,58,250,1,54.6,5
2,53,262,3,59.3,2
7,83,147,1,30.4,4
6,77,137,4,24.1,1
3,57,299,3,68.6,7
0,58,288,1,65.1,7
1,39,274,3,58.9,7
6,81,177,2,38.8,7
1,57,205,5,49.9,1
5,83,186,2,44.7,7
2,40,234,2,53.5,3
7,81,133,3,24.8,1
6,84,185,1,43.5,2
8,86,137,5,23.2,5
2,56,264,4,57.9,6
6,87,189,2,45.8,6
3,57,298,1,69.5,8
5,73,131,2,22.2,1
8,89,118,4,19.8,1
5,87,179,4,41.3,2
0,44,258,1,57.8,5
6,79,161,2,34.1,1
1,48,267,4,58.1,8
5,76,124,2,21.2,4
0,42,226,2,53.3,3
5,86,125,2,19.6,1
0,47,287,5,64.5,6
7,82,117,4,17.1,4
5,76,137,1,24.5,4
8,72,154,1,31.8,7
2,52,283,5,61.2,8
0,50,244,5,56.9,3
7,80,157,2,32.2,4
0,45,271,2,60.8,6
1,55,287,4,65.2,5
0,57,195,1,43.7,3
7,86,138,3,25.7,2
0,52,223,1,51.6,6
3,40,235,2,52.6,1
1,60,232,5,53.1,7
1,59,298,5,68.5,6
8,39,181,5,41.1,4
0,46,242,2,52.4,1
8,73,156,2,34.9,8
0,55,196,5,47,6
8,89,156,3,32.7,5
0,56,195,5,46.9,6
3,45,264,2,60.2,6
2,52,294,2,67.6,5
2,43,248,3,56.4,5
0,43,273,1,60.4,6
4,75,159,4,34.7,8
7,83,121,5,17.3,2
2,48,209,5,49.6,7
1,60,248,3,55.3,4
6,85,168,3,37.3,2
8,89,116,5,20.3,4
7,75,142,1,26.5,3
4,88,183,5,40.5,3
5,83,184,1,41.8,2
0,41,274,8,59.8,7
6,77,133,5,23,3
2,48,207,5,50.7,4
8,81,172,3,39.5,7
2,47,238,4,55.9,6
5,89,180,4,39.7,4
0,46,288,2,63.9,6
0,49,207,3,49.6,4
5,75,138,1,24.7,6
8,80,134,4,24.2,6
1,47,224,1,51.9,3
6,85,168,3,37,6
1,59,230,3,50.8,5
1,48,203,4,47.4,8
6,81,142,5,27.1,5
0,55,278,1,60.5,5
6,72,123,2,18.1,4
6,76,130,5,24.2,3
0,53,292,1,66.3,5
2,54,256,4,57.5,8
0,57,256,2,55.4,4
5,73,134,4,24.6,6
6,75,140,3,25.2,6
5,75,180,2,39.6,3
7,87,189,5,44,7
7,80,178,3,41,2
7,81,175,2,38.4,5
0,53,182,2,43.5,1
1,56,274,4,60,7
3,59,208,5,50.4,6
1,49,207,4,21.3,7
7,74,143,10,26.9,5
3,44,264,4,57.2,8
8,52,163,5,36.6,7
0,53,290,4,19.5,8
5,73,188,4,43.6,1
3,46,266,3,57.8,7
3,42,256,2,55.6,1
8,86,120,4,20.6,3
5,76,142,6,28.6,5
0,54,206,3,49.1,5
3,43,228,2,50.5,4
5,75,178,5,39.3,7
5,75,178,4,40.2,6
2,56,300,2,66.7,8
0,60,288,4,66.3,6
5,78,130,3,24,1
7,87,129,1,20.8,3
0,56,197,10,46.4,7
6,85,146,2,28,5
0,50,219,4,49.2,5
0,50,197,6,48.4,3
7,75,145,3,28.1,5
3,53,224,5,50.9,3
1,58,251,3,55.6,3
0,40,275,5,61,5
7,74,118,1,68.1,2
7,75,145,3,29.7,5
1,51,285,1,64.6,6
6,76,117,3,16.9,4
7,90,172,3,39.3,4
6,74,120,3,17.4,3
5,86,173,1,54.1,8
0,43,225,4,53.1,8
6,87,181,1,43,3
6,77,116,3,17.5,2
6,90,154,3,31.6,6
3,56,289,2,67.4,7
1,48,238,4,56,4
8,87,130,2,23.3,1
6,81,154,3,33.1,8
7,82,123,2,20.2,4
8,90,117,2,18.1,3
0,40,264,4,56.1,8
1,48,204,1,46.4,1
4,43,274,4,59.9,7
6,87,156,5,31.6,5
8,46,287,4,65.3,7
0,52,225,5,52.2,8
6,86,179,3,38.3,4
0,49,253,3,56,3
5,50,220,2,70.1,2
0,40,278,1,61.5,7
4,87,125,2,24,3
0,55,298,5,66.5,6
0,53,202,1,49.2,4
6,73,148,3,29,2
7,50,245,5,54,1
8,76,143,5,27.8,4
6,87,180,3,39.7,7
6,78,148,5,72.2,4
7,78,184,8,41.6,5
3,53,224,10,54.4,3
3,51,294,2,66.7,8
6,76,115,4,16.2,3
8,79,134,1,24.6,1
0,48,279,2,64.6,6
8,82,148,4,29.8,2
8,74,155,5,32.3,1
2,46,185,1,42,1
5,75,131,2,21.8,2
5,88,152,4,31,1
3,59,291,1,66.3,8
6,86,188,1,46.6,8
0,45,270,3,58.4,7
0,57,201,3,49.6,1
0,54,204,1,48.6,2
0,38,200,1,48.2,6
2,47,287,3,66.7,5
1,40,273,2,59.3,8
2,57,289,3,64.3,6
6,83,123,5,18.1,3
0,45,272,4,59.2,6
2,41,284,5,63.4,8
0,48,279,4,61.6,5
0,40,287,1,63.3,6
0,56,280,3,62.8,7
0,47,285,1,64.7,6
0,43,189,4,44.8,7
1,39,277,1,17.5,8
1,49,204,4,48.7,6
1,58,262,1,58.5,5
7,88,186,4,42.8,7
6,78,162,1,36.4,7
7,78,123,1,21.1,3
4,87,182,4,41.6,4
5,85,159,2,36.5,8
7,76,115,5,17.4,2
6,89,131,6,21.6,2
7,74,148,3,32.3,2
1,50,196,5,45.2,5
6,83,117,4,17.5,2
2,44,248,2,55.2,7
5,90,134,4,25.1,2
7,52,164,5,37.8,2
5,76,142,4,27.2,7
7,55,248,1,57.2,7
5,76,186,1,44.7,7
0,58,275,4,59,8
7,82,147,2,27.6,6
3,56,288,3,66.9,6
0,56,294,5,64.6,6
8,80,123,4,19.2,4
5,74,129,4,22.8,2
7,82,114,1,17.1,2
7,82,175,1,39.5,4
5,76,185,1,44.1,6
7,86,170,6,37.8,4
6,78,162,2,36.5,5
5,86,176,2,62.8,4
5,90,181,5,39.1,8
1,53,290,2,16.5,8
5,84,159,4,34.6,5
0,48,185,5,43.4,5
2,43,261,2,59.2,5
0,45,244,3,44.7,8
8,81,125,1,21.6,3
1,56,259,5,53.9,1
3,59,293,3,67.5,6
8,77,164,1,34.9,1
0,48,238,1,53.9,5
4,89,172,1,36.4,1
6,78,125,4,21.9,4
8,80,134,4,24.4,2
8,82,124,3,18.2,4
4,84,140,3,26.5,6
2,44,263,4,58.7,2
7,79,129,2,21.8,1
4,75,182,3,39.6,4
1,46,230,3,53.7,8
0,42,205,1,50.1,7
1,48,266,5,59.8,5
6,77,186,3,46.1,3
7,88,187,2,43.2,3
7,82,147,2,27.8,2
1,48,267,1,58.9,7
5,89,184,5,42.7,1
0,43,208,4,52.4,2
0,55,248,1,57.3,6
7,89,155,3,34.5,2
7,74,117,4,18.4,4
2,42,203,5,49.2,2
2,45,266,3,56.7,7
7,86,169,1,37.5,1
8,76,163,3,36.6,8
3,55,285,5,62.6,8
4,84,141,2,29,8
7,90,150,1,32.1,1
2,58,206,2,49.3,3
7,86,118,2,19.8,1
5,72,170,1,38.7,5
7,77,162,3,35.5,1
4,76,132,2,21.5,4
1,42,284,5,64.4,7
1,52,259,3,69.8,7
6,84,148,5,29.1,8
8,75,137,1,26.3,6
0,50,244,3,52.8,4
6,76,136,5,24.9,5
3,51,182,4,42.5,1
4,77,171,1,39,1
6,80,156,4,34.6,2
6,84,185,3,44,6
4,73,134,4,24.4,6
1,56,257,4,57.7,5
1,43,264,1,64,4
6,52,183,3,43.4,8
4,75,141,4,26.6,7
6,78,156,5,34.6,1
5,77,152,4,34.1,5
6,80,130,3,22,3
5,84,146,2,31,4
5,74,131,3,25.2,4
5,82,158,6,34.7,4
0,51,217,2,51.1,1
2,42,224,5,50.9,3
7,85,138,4,25,3
4,74,134,1,26.2,1
1,44,270,3,61.4,6
0,48,276,3,23.9,6
0,54,214,3,51,4
7,83,114,3,18.1,3
2,58,298,2,67.3,7
6,77,182,1,41.8,2
0,55,298,2,67.3,6
3,42,278,1,64.6,5
0,49,207,3,18,1
4,73,134,3,24.5,2
0,47,278,4,64.5,7
3,49,206,1,49.3,4
5,73,188,10,46.5,2
2,55,286,1,62.9,8
8,79,134,1,23.1,4
0,57,197,3,46.5,6
2,55,267,4,61.2,4
4,75,158,3,34.8,3
5,88,174,5,40.2,3
8,89,154,4,32.7,1
2,57,289,2,19.7,8
6,89,132,5,24.7,4
7,81,147,5,31.7,2
0,43,266,2,58.7,7
8,80,134,3,24.3,4
1,53,292,9,65.4,5
0,44,256,3,57.5,8
3,46,185,4,43,5
0,49,207,5,23.9,8
2,52,181,5,42.3,4
3,43,188,1,46.4,4
7,74,157,1,35.2,1
0,42,267,2,45.4,4
7,73,120,5,19.4,2
5,88,171,1,38.1,8
0,43,264,1,63,2
1,55,215,1,53,7
7,78,156,3,34.9,3
2,48,217,3,50.1,4
4,74,129,4,19.5,4
3,49,197,2,47.3,1
2,55,288,5,65.2,7
1,49,300,5,66.8,7
5,82,160,2,35.8,2
1,58,201,3,46.9,2
7,81,174,4,39.2,5
6,77,126,2,23.2,1
4,88,161,4,35.2,5
8,75,136,3,24.9,8
8,72,154,1,32.8,8
0,45,195,2,46.7,2
5,76,179,3,41.5,3
8,89,182,4,41.7,7
8,51,164,1,34.8,7
3,42,256,3,57.4,2
0,42,206,2,50.2,5
8,73,155,2,32.4,2
8,89,147,5,29.6,8
7,77,158,8,34.6,5
0,49,198,3,46.5,4
6,86,187,2,43.3,3
6,81,177,5,40.9,4
5,88,171,4,37,3
7,75,156,3,33.6,4
6,76,184,5,40.7,1
2,55,288,3,67,5
6,83,126,4,21.2,4
6,89,172,5,38.6,8
5,88,139,4,26.2,4
4,90,172,1,40.6,7
1,59,231,4,51.9,5
6,84,160,2,38,5
2,40,230,3,47,6
3,52,181,4,39.8,5
5,89,183,1,43.2,2
0,41,286,5,62.9,7
0,55,214,3,50.8,7
6,74,118,5,56.2,3
0,60,229,4,52.6,2
5,79,162,1,35.5,5
7,77,183,3,41.5,3
1,40,264,5,56.3,6
6,52,183,3,42.3,4
0,50,243,4,54.6,6
7,79,133,2,24.9,2
0,40,275,1,61.2,5
6,83,121,4,20.3,3
2,38,293,1,64.5,5
3,51,293,5,68.5,7
7,75,154,5,33.2,5
2,52,260,5,55.2,7
8,82,173,1,39.1,7
7,82,116,1,19.3,4
1,54,204,5,49.5,7
5,72,130,3,22.2,3
2,41,277,1,61.3,8
7,79,157,2,51.8,8
4,76,129,5,22.8,3
7,75,158,1,35.8,4
5,83,123,4,18,3
7,81,177,1,39.8,1
0,59,273,1,46.2,5
8,82,173,1,65.2,3
8,49,253,5,55.8,7
3,41,283,5,62.1,5
0,45,194,1,44.7,2
7,89,152,2,32,8
3,49,208,1,48.3,3
1,39,292,5,66.4,6
5,83,145,4,28.1,4
7,82,146,4,27.8,7
1,53,200,2,48.1,7
4,74,186,2,45,3
0,54,217,3,51.1,2
1,48,218,1,50.2,3
2,43,245,2,57,5
7,43,257,4,69.7,8
7,89,179,3,41.3,8
2,53,259,3,55.6,8
3,58,275,4,23.8,5
6,85,149,4,32.6,7
2,56,299,3,66.7,6
3,58,291,2,67.3,5
5,84,161,5,36.3,4
6,76,126,1,22.3,2
7,89,172,5,38.3,5
0,48,240,1,53.3,7
8,83,121,10,20.6,1
1,60,230,6,50.9,4
6,76,143,3,29.7,2
0,50,196,4,46.3,3
4,90,173,1,38.7,3
3,56,265,5,58.5,7
4,87,158,1,44.7,1
6,75,140,2,27.5,3
0,42,188,2,45.6,6
7,88,180,5,40.5,8
0,50,220,7,53.7,4
4,78,171,4,39.1,2
2,43,223,3,53.6,2
1,59,248,4,55.5,2
0,56,294,2,66.6,8
0,42,252,3,54.8,5
5,78,170,2,37.6,7
3,42,226,7,52.2,2
1,48,268,4,58.2,1
6,80,157,4,35,6
4,74,133,4,22.9,2
6,88,182,4,41.6,8
1,45,229,4,52.7,1
3,57,290,3,65.9,6
1,48,301,2,70,8
0,40,287,1,64.3,5
1,49,255,5,56.3,8
3,56,285,1,41.7,6
1,49,196,4,47.2,7
1,58,288,4,63.9,6
6,84,125,3,21.1,4
5,72,169,5,38.5,8
1,59,275,4,61,5
0,59,188,1,45.6,3
5,88,131,2,21.6,3
1,59,248,4,55.4,2
2,45,183,2,42.4,1
6,76,136,3,26,5
3,39,235,1,52.7,8
8,80,123,4,48.5,2
5,85,161,1,36.4,2
6,77,186,3,43.8,2
8,79,131,3,22.1,1
6,77,126,2,20,2
7,52,163,3,34.6,2
8,73,118,1,19.8,4
1,58,200,4,49.4,3
4,83,138,1,28,1
7,83,119,5,20,4
3,58,292,2,66.3,8
0,49,255,3,55.3,4
7,80,131,1,23.1,3
0,48,267,1,60.9,2
0,55,280,5,64.9,8
3,55,253,5,57,7
2,49,196,5,48.4,2
2,56,286,2,64.9,5
8,79,159,1,35.6,6
7,80,134,2,25.4,8
6,82,147,1,28.8,4
7,82,145,1,28.6,5
0,54,248,1,54.3,5
4,73,133,2,24,4
6,78,137,2,24.5,2
6,86,150,5,31.8,4
3,46,288,2,66.1,6
2,54,223,3,53.6,5
5,73,131,4,22.8,1
8,89,150,2,30.7,1
4,75,181,3,39.1,8
6,73,151,1,31.6,2
0,39,202,2,48.1,8
7,77,159,1,37.2,2
4,77,170,5,36.6,3
5,89,139,1,26.1,1
6,84,133,4,25.8,3
5,90,154,5,34.8,2
7,74,156,1,34.9,8
7,89,189,6,45.9,7
5,89,153,4,32.5,4
5,76,141,4,26.6,6
6,48,185,3,44.2,3
5,87,130,4,21,4
8,77,165,4,38.9,1
4,88,183,4,40.2,2
8,84,119,8,16.9,3
2,45,229,2,52.6,3
2,48,220,2,51.4,6
3,54,253,3,55,6
6,78,163,3,35.7,7
1,58,297,2,65.2,7
6,73,150,5,30.1,6
7,75,120,3,60.6,4
0,55,196,3,45.9,3
5,87,123,2,19,1
6,48,185,4,44.3,6
0,45,195,3,55.3,5
3,49,196,5,45,1
7,80,154,3,33.2,5
6,84,148,5,29.2,1
6,74,142,2,66.8,4
0,59,188,4,45.6,4
6,76,184,1,40.6,8
2,51,285,2,64.9,6
7,90,172,2,38.4,3
2,51,282,2,64,7
0,42,267,4,58.9,8
0,42,206,5,48.5,4
5,84,160,1,36.1,2
1,57,258,3,58.9,6
4,76,159,4,35.3,6
6,74,159,4,37,4
5,76,160,4,37,4
6,80,155,3,33.4,8
5,89,154,2,33.1,1
3,59,208,3,66.9,1
8,76,138,4,24.9,6
7,83,146,1,27.8,7
7,80,156,5,35.9,7
4,83,141,5,29,8
3,49,207,2,23.7,1
3,58,273,2,66,6
6,84,187,6,43.2,2
0,53,201,5,48.6,5
0,57,260,2,59.2,4
6,86,178,3,39.2,4
3,55,273,3,61.6,7
8,89,150,5,29.9,1
2,59,232,1,43,2
5,90,134,4,23.1,8
6,75,118,4,18.8,2
6,88,132,3,21.2,1
1,40,277,3,21.3,7
5,84,133,1,22.9,2
2,54,223,1,51.7,8
6,84,134,1,26.3,2
0,57,263,4,57.7,6
2,42,287,3,64.5,7
1,45,194,1,47.2,7
4,75,128,5,20.3,4
7,80,129,5,20.4,4
6,84,148,5,30,2
7,83,124,2,21.2,1
0,48,208,3,50.2,1
7,89,187,1,43.2,7
4,73,189,5,46.8,6
4,75,131,5,24.1,3
0,58,200,3,42.4,3
1,40,288,1,65,7
1,55,236,3,55.8,3
7,81,125,2,18.7,1
7,89,180,3,42.5,7
0,56,193,10,46.1,7
2,50,254,1,57,8
1,47,225,5,51.2,8
8,82,148,4,29.2,3
6,72,131,2,23.2,4
7,80,156,1,32.6,8
8,88,131,1,22.9,2
6,89,174,3,37.4,7
2,51,293,3,66.4,5
0,52,222,3,51.4,4
3,51,293,3,67.4,7
1,47,283,3,63.3,7
1,40,229,3,54.5,4
5,77,150,3,32,1
3,56,280,4,62.8,6
0,42,209,4,51.7,6
6,90,133,5,26,2
2,47,240,1,65.2,2
5,89,131,1,23.1,2
5,87,125,4,17.4,3
3,43,204,3,48.5,3
4,55,295,2,65.8,6
0,59,190,1,45,5
2,53,225,4,51.2,1
6,86,189,2,45.9,8
7,81,177,4,38,8
5,89,178,5,41,1
1,40,288,5,63.9,7
6,74,159,5,35.4,7
2,55,291,3,66,6
0,54,237,4,54.9,6
0,49,209,3,49.6,3
5,90,180,2,40.6,2
0,40,270,5,59.3,5
7,77,118,2,18.6,4
0,42,228,1,50.5,1
5,88,184,1,43.9,8
6,77,124,5,21.5,3
7,80,129,5,21.8,2
6,81,146,2,30.1,5
6,83,115,5,45.7,3
7,88,154,2,31.6,6
3,48,206,4,49.4,6
7,76,153,2,31.2,1
4,56,279,2,63.6,7
4,83,141,1,28.7,8
0,58,199,1,46.9,4
6,85,173,5,38.8,2
0,58,287,3,63.4,8
3,51,295,1,64.8,6
0,47,190,4,43,7
8,81,178,1,42.3,7
1,40,236,3,52.8,2
7,81,133,4,22.9,2
1,56,276,2,19.2,7
2,41,278,3,63.5,7
8,80,124,2,19.4,1
1,44,270,1,61.4,1
0,58,206,1,49.3,6
6,72,167,1,38,4
5,89,170,3,36.8,1
8,82,123,5,22,1
1,47,226,5,50.8,4
0,40,277,3,64.4,8
3,43,262,1,56.6,3
2,50,195,1,45.9,4
6,76,145,5,28.3,3
1,55,216,3,51,8
2,44,264,2,57.3,7
0,60,288,1,65.9,6
0,44,259,5,59.1,7
3,58,273,4,59.6,6
0,45,271,3,57.7,6
5,72,170,5,49,6
1,39,231,9,53,2
7,86,137,1,27.1,8
3,56,288,2,64.9,5
0,39,264,3,59.3,8
6,43,255,4,57.3,2
5,85,173,3,39.8,1
8,81,124,1,19.9,2
0,53,184,1,42.7,1
7,88,129,3,21.4,1
2,51,285,5,62.7,8
1,56,256,3,57.3,5
6,86,150,8,31.9,3
7,73,117,10,19.5,1
7,80,130,2,22.4,4
7,76,137,3,27.7,4
5,75,181,4,38.8,1
4,87,160,3,35,2
5,83,148,1,28.8,8
5,88,152,1,31.8,7
1,49,300,1,66.9,7
0,55,273,4,60.4,7
4,89,142,4,28.4,3
8,88,151,4,31.7,7
3,43,225,1,53.2,6
5,86,126,2,21.3,4
6,75,142,4,28.4,8
0,59,199,2,49,8
7,81,145,4,27.4,3
5,48,256,2,58.5,8
2,42,277,5,17.8,8
1,53,206,2,50.2,1
7,88,152,2,31.9,5
7,90,173,5,37.8,1
1,57,252,2,55.7,1
7,74,157,2,33.4,3
0,43,266,1,60.5,1
2,43,254,2,56.2,5
5,86,182,4,41.8,1
8,47,279,5,63.6,6
2,41,284,5,65.3,7
6,77,133,2,23,2
6,78,158,4,35.5,8
7,83,116,4,22.3,1
8,76,154,3,32.6,8
0,54,292,1,65.3,8
6,81,142,3,27.2,1
7,76,120,2,18.4,1
0,55,277,1,19.1,6
5,84,134,3,24.4,7
2,55,288,2,64.1,6
5,76,141,2,25.9,6
0,59,232,4,52.3,1
1,55,275,2,23.2,6
3,42,277,2,68.6,6
2,54,253,4,56.9,2
5,85,149,2,29.5,3
0,44,259,9,56.9,6
2,54,255,4,57.2,1
8,75,154,4,33,4
7,81,172,1,39.2,5
5,77,151,2,31.5,6
1,55,238,5,55.9,5
6,77,130,7,22,1
3,42,278,4,64.5,5
2,43,263,10,56.8,1
1,55,286,1,65.1,8
0,39,289,4,67.4,7
2,48,300,4,68.8,6
0,40,278,1,41.5,7
0,42,208,5,50.3,6
6,88,131,2,21,2
2,39,295,1,68,7
7,72,155,4,34.4,7
3,42,224,1,50.9,3
0,48,267,3,60.1,2
6,80,145,3,27.6,7
1,58,287,4,63.7,8
5,76,179,6,41.3,3
8,76,154,5,31.9,6
7,82,173,5,40.1,5
2,46,243,8,55.6,4
6,77,118,3,17.9,2
3,59,208,3,51.4,1
7,78,151,4,31.4,4
2,46,266,4,60.7,1
0,51,220,5,52.3,1
8,90,154,2,32.7,7
8,76,162,4,37.5,7
6,90,153,2,32.5,6
2,52,283,1,64.3,6
8,88,149,2,31.6,7
0,47,188,3,43.7,5
8,80,159,1,35.9,8
0,39,183,1,42.3,8
0,40,287,2,62.9,5
8,89,115,3,24.8,1
7,38,201,2,48.9,4
7,76,164,1,36.8,2
7,89,171,2,39.2,7
2,58,233,1,52.5,4
1,50,256,5,55.4,1
5,73,123,5,20.9,3
0,38,184,3,44.8,3
0,48,204,3,48.7,3
5,76,183,2,41.3,7
6,59,289,1,64.3,7
5,76,142,2,29.3,4
3,56,290,1,66.9,5
0,39,271,1,57.9,5
7,87,130,2,20,1
0,40,271,2,59.5,5
5,88,141,1,25.7,7
6,76,132,1,23.8,3
6,79,129,3,21.7,1
0,48,203,2,46.2,4
4,87,159,6,37.2,6
2,58,273,3,61.3,7
7,77,123,5,42.8,4
1,58,253,4,55,8
1,53,201,2,50,8
1,59,202,3,48,6
5,77,150,2,32,7
3,55,289,3,16.1,6
7,84,123,1,66.7,1
1,49,254,4,58.2,4
1,60,188,3,43.6,4
2,58,234,5,55.6,4
1,57,263,4,58.9,7
7,81,175,2,39.6,6
7,82,147,1,29.6,6
0,39,276,6,17.9,8
2,53,226,2,51.3,5
7,80,156,1,31.9,3
1,41,284,5,64.4,8
2,56,275,2,62.3,8
1,42,207,4,17.7,4
0,39,262,1,55.4,4
5,73,131,5,22.1,3
0,48,183,5,42.9,5
0,40,277,4,62.4,5
8,86,119,1,19.9,1
8,84,120,4,18.2,1
2,40,231,1,52,3
2,45,227,2,52.4,4
1,46,224,3,52.9,1
7,90,150,5,32,6
0,43,265,5,57.4,7
1,39,236,1,54.7,8
8,57,198,1,45.7,1
2,56,297,3,53.2,6
2,57,291,4,67.2,7
5,83,136,1,25.9,7
7,90,173,5,37.6,1
1,39,262,4,58.6,8
6,78,159,2,35.7,8
0,57,200,2,60.8,8
0,46,289,3,63.4,8
7,90,150,1,31.7,7
3,48,188,2,46.5,7
6,78,186,3,42.1,3
7,85,170,3,38.8,6
4,83,140,3,27.4,3
8,83,148,4,32.3,7
2,39,236,3,54.8,8
7,84,117,5,20.2,1
5,87,183,2,41,5
6,77,181,5,42.1,2
0,50,198,3,47.9,5
0,55,247,1,54.1,6
3,40,235,5,51.7,7
7,74,144,2,26,2
5,72,122,2,21.9,1
1,55,284,4,64.5,8
5,77,136,2,25.8,8
6,73,167,4,37,7
0,57,296,1,69.1,5
7,80,127,4,23.3,4
6,77,131,3,24.2,3
7,86,187,5,44.2,4
5,84,125,5,20.4,1
2,56,284,3,63.4,5
7,83,116,5,19.6,3
7,79,150,3,32.7,6
0,57,196,1,45.9,5
3,58,294,3,67.6,5
2,43,253,2,56.9,2
6,74,151,3,30.7,4
5,78,161,1,36.1,8
0,51,219,3,51.2,6
7,89,174,1,38.4,7
0,48,188,1,43.7,7
8,55,193,5,45,8
5,77,170,4,38.8,4
7,86,137,1,25.5,2
0,41,287,1,63.7,7
1,58,234,5,55.6,5
3,45,265,1,60.4,5
6,75,142,2,27.3,2
1,47,226,4,53.3,7
5,83,160,2,36.8,8
7,88,129,5,21.9,1
8,89,155,1,32.4,6
7,81,145,2,27.6,3
2,39,233,5,52.4,1
8,77,165,4,38.9,8
7,48,276,4,45.2,6
6,76,186,1,43,7
1,45,230,2,54.7,1
6,89,151,3,30.5,3
0,47,187,2,45.2,1
5,85,176,1,38.6,8
3,57,299,5,66.7,8
8,81,123,2,19.2,2
7,87,157,5,34.3,8
1,58,251,7,54.7,4
7,80,155,5,35.3,4
1,57,262,3,56.3,2
1,59,274,8,60.7,7
5,89,174,4,39.3,6
1,55,287,2,63.4,8
0,57,194,3,44.3,7
8,81,125,4,17,4
2,42,284,2,62.4,7
4,50,242,4,54.4,8
7,73,119,3,18.9,2
3,42,253,5,56,8
0,49,201,5,48.5,5
0,47,240,4,55.2,5
0,56,296,4,66.1,7
2,56,288,1,66.2,5
7,74,143,2,25.9,5
5,89,174,3,41.2,8
7,82,147,4,30.6,2
1,40,235,1,54.7,7
0,56,297,2,67.1,8
0,39,202,2,48,1
5,76,141,3,24.7,8
0,38,182,3,65.7,1
4,48,254,5,55.2,1
0,57,288,4,65,7
0,54,246,3,56.1,1
5,77,126,5,21.1,2
8,77,162,1,36.4,2
4,88,151,3,56.1,2
7,75,137,2,24.4,6
7,81,142,5,26.6,2
3,57,199,2,47.1,4
8,75,144,2,26,2
2,42,202,3,49.1,7
5,84,146,4,31.2,7
0,48,282,1,63.9,8
6,80,155,5,32.4,8
6,88,187,1,42.4,5
6,88,181,2,41.3,8
0,43,188,5,44.7,4
6,81,177,3,37.8,7
6,88,174,1,41.3,6
6,74,145,1,30,7
7,81,177,1,39.8,3
1,60,188,2,43.7,4
4,87,183,3,40.9,7
7,76,161,3,34.2,8
0,40,274,5,58.7,7
2,49,194,2,44.6,5
0,42,271,3,58.9,6
7,78,184,5,42.7,6
4,75,159,3,34.9,7
7,83,114,1,15.1,2
0,47,239,5,56,7
4,76,129,4,21.7,1
7,56,193,1,46.1,5
1,41,285,3,63.9,7
0,39,200,3,48.1,3
7,82,145,8,26.1,7
6,86,173,1,38.9,7
8,88,179,1,42.3,4
7,79,151,1,31.6,8
8,83,117,2,18.2,3
0,48,239,2,54,6
2,53,259,1,56.1,1
4,89,172,1,38.2,3
0,39,264,1,57.1,5
0,54,203,5,49.3,1
8,75,138,2,24.8,5
0,38,183,3,42.2,7
0,42,207,7,49.6,6
3,59,276,4,24.3,8
2,44,246,2,56.1,5
2,47,220,2,52.3,6
0,60,290,1,24.8,8
0,57,287,1,64.4,8
5,88,153,8,34.3,1
4,73,132,5,25.5,3
6,80,130,2,23.3,3
5,89,152,5,29.9,6
2,49,194,3,46.6,1
0,60,187,1,44.3,3
7,83,116,4,15.8,4
5,89,185,5,44.4,5
5,77,132,2,24.7,4
3,43,225,4,52.2,8
7,89,186,7,41.7,7
1,40,275,5,62.5,5
2,53,261,2,56.2,6
4,87,183,5,43.2,4
0,45,243,1,52.6,7
7,80,159,5,34.4,1
7,77,132,2,21.3,4
0,59,288,4,64.1,5
5,42,272,2,59.1,8
6,86,149,1,30.5,7
7,73,156,3,32.6,8
8,90,173,5,39.1,3
6,78,150,8,32,8
0,55,237,3,53.9,1
4,76,182,5,40.4,8
1,42,265,3,59.5,2
4,76,141,1,26.7,5
0,44,259,1,57.9,8
4,57,297,2,68.1,6
7,87,180,5,39.7,4
2,58,207,4,43.4,4
0,53,183,2,43.5,5
0,59,201,4,46,1
3,56,275,9,61.4,8
4,73,134,4,23.1,2
3,44,245,4,53.9,4
0,43,271,2,58.7,8
7,82,144,1,30,1
1,50,254,1,57.2,3
8,86,119,1,18.1,3
5,88,131,3,21.7,4
1,47,285,4,64.6,8
5,88,142,4,26.7,8
6,76,117,2,16.1,4
2,58,252,3,56.8,7
6,76,152,4,33.1,7
5,74,187,2,43.4,6
1,43,269,2,59.3,7
0,49,184,4,40.7,4
1,47,240,1,54.3,8
2,58,294,3,66.6,7
0,50,244,4,55.9,6
6,76,182,2,49.8,8
6,74,119,3,18.1,2
2,40,234,2,52.6,7
6,79,155,1,32.4,8
0,55,247,5,56.1,7
1,59,297,2,66.3,8
0,42,253,1,57.9,2
5,86,177,1,37.9,4
7,86,118,5,71,4
7,74,116,4,16.8,1
0,57,205,5,49,1
2,39,229,3,52.6,7
7,77,116,5,19.2,3
4,87,125,5,21.9,3
7,73,117,3,19.5,3
2,40,235,3,53.7,2
7,78,150,5,31.2,8
0,57,258,1,58.8,8
3,40,284,3,62.4,7
5,76,159,6,35.9,8
0,43,186,3,44.2,3
8,72,153,1,32.5,8
7,81,122,2,19.8,4
5,83,126,2,22.3,1
2,50,254,2,57.1,1
0,42,254,1,56.2,6
5,73,131,3,23,1
2,54,255,4,56.3,6
0,54,298,3,65.4,6
4,90,180,5,40.6,4
5,88,142,4,27.6,6
7,82,146,5,27,3
7,74,157,1,34.1,5
7,76,120,2,19.3,3
5,76,142,4,26,7
8,75,142,8,28.2,5
1,59,250,2,54.5,5
5,87,177,2,40,8
2,47,220,4,51.4,8
5,85,150,3,33.2,6
2,45,186,3,46,1
6,76,185,3,42.3,5
6,83,146,7,29,5
1,55,274,2,59.8,8
3,56,273,4,61.4,6
1,41,276,1,18.3,6
6,76,125,2,18.9,3
4,75,178,3,39.1,8
0,41,207,4,21.2,6
7,81,177,3,40.9,6
7,52,163,5,36.6,2
2,56,264,1,57.2,2
0,40,274,1,63,5
7,73,148,3,31.1,2
7,52,163,5,36.6,3
4,74,130,5,22.2,3
1,45,194,4,44.3,1
6,86,167,5,37,3
2,49,299,4,67.7,8
0,39,271,1,59.8,8
6,47,187,2,45.4,8
6,78,124,3,20.2,2
6,43,207,5,20.6,7
1,50,195,2,43.7,2
1,46,226,1,52.3,5
6,54,296,1,68,7
5,88,160,5,34.9,4
6,87,155,3,31.4,7
1,54,201,1,46.8,8
8,49,185,1,48.5,8
0,54,236,5,53.8,3
8,81,133,5,23.9,4
2,39,231,3,52.9,5
8,88,149,4,29.4,4
6,83,159,3,33.9,5
8,89,174,1,39.4,3
5,72,131,4,23.2,4
1,41,286,3,64.1,5
1,42,264,5,45.6,6
8,89,149,1,30.6,1
6,81,146,5,29.7,1
1,59,250,5,56.6,1
8,73,155,3,35.5,1
2,43,201,2,47,3
1,40,271,2,58,5
0,52,224,3,49.9,1
5,88,132,4,23.3,4
2,46,227,3,52.3,2
0,52,185,4,43.2,6
7,89,181,3,41.3,6
3,46,185,4,44.6,2
2,51,179,5,39.4,8
5,89,153,1,70.8,5
0,38,183,5,41.9,3
2,56,287,2,58.6,7
7,81,146,4,30.9,8
3,42,256,1,58.8,1
5,78,171,7,38.1,5
6,89,173,1,40.1,4
1,41,285,1,63.5,8
6,78,132,4,22.8,3
2,43,203,8,48.3,4
2,45,183,3,42.9,4
0,60,248,9,55.4,4
7,42,254,5,56.2,3
1,58,299,4,67.7,8
6,84,146,4,28.2,2
5,75,144,3,27,1
0,55,236,5,51.8,4
5,89,173,5,37.8,8
3,56,275,4,61.3,6
2,58,232,4,52,4
0,50,198,2,47.5,2
2,41,283,1,62.2,6
0,60,289,5,23.2,7
8,78,162,1,38.4,1
0,42,225,3,51.2,3
7,83,146,2,27.8,6
3,42,201,1,47.8,1
7,86,136,4,23.9,2
0,54,200,2,46.5,4
7,77,123,3,18.2,4
7,75,154,1,32.2,4
1,55,214,1,52.8,6
0,41,208,4,48.5,8
7,82,147,1,28.5,3
7,88,156,3,34.5,8
0,57,204,1,48.4,7
1,40,290,4,23.3,8
6,79,130,4,21.3,3
0,40,276,10,21.3,8
8,84,119,5,21,2
5,75,183,3,44.7,5
4,73,189,2,46,5
8,80,158,1,34.6,7
1,59,274,4,59.8,6
2,59,299,3,67.7,8
7,83,148,2,30.3,2
0,51,198,1,47.6,2
0,57,204,2,48.5,6
0,42,272,2,59,7
3,52,181,4,41,7
6,77,135,6,23.7,8
0,40,275,3,24.6,5
7,87,156,2,33.6,8
6,75,158,4,34.9,5
7,88,181,5,40,7
3,46,266,1,57.6,6
7,89,117,4,16.3,4
0,52,223,3,53.5,3
6,83,122,5,16.6,3
7,80,127,4,22.3,1
4,52,223,2,50.6,1
7,76,164,5,37.8,3
0,45,241,5,56.3,8
1,41,287,5,65.8,6
1,38,293,3,66.6,5
8,73,119,1,17.1,3
0,50,196,4,44.3,3
2,44,246,4,56.1,5
6,79,128,4,65.5,3
4,47,241,5,56.3,6
5,75,184,1,43.6,8
5,83,157,6,34.3,1
5,76,138,3,26.1,3
2,55,267,5,57.9,5
8,42,253,2,55,5
1,38,295,3,67.9,5
0,57,201,3,48.7,8
2,48,237,4,53.8,3
2,48,240,3,54.2,7
6,73,121,4,18.9,4
6,85,147,4,31.2,1
5,84,146,3,30.9,6
7,74,142,3,26.7,5
6,73,122,1,19.8,4
6,84,121,5,24.7,4
5,84,136,5,68,8
1,48,220,3,50.2,5
0,55,276,3,21,7
1,51,197,3,47.5,1
4,86,182,3,40.7,2
1,58,205,2,48.1,5
6,77,151,2,31.6,7
2,58,232,5,52.3,1
6,76,142,1,25,3
8,86,118,2,18.7,4
1,42,267,2,41.4,8
1,40,275,3,61.1,5
1,38,293,4,67.5,6
0,58,273,1,59.4,5
1,54,206,3,49.4,3
1,47,283,3,63.1,8
0,45,195,2,45.8,5
1,40,236,3,53.8,7
8,90,118,3,16.7,4
7,78,165,4,37.9,2
5,77,131,3,24.2,4
6,84,186,2,42.8,5
3,40,283,3,63.1,8
6,78,132,4,22.6,2
6,77,132,3,23.8,1
1,48,301,1,68,5
1,42,285,2,64.6,7
5,82,157,5,41.7,2
7,39,202,7,48.1,8
6,82,145,1,27.3,4
0,48,254,4,58.2,2
3,51,180,5,41.6,3
5,72,168,3,35.1,7
1,54,291,5,66.9,6
3,56,264,5,58.2,5
5,78,129,1,22.5,1
5,77,138,3,26.8,1
7,89,156,2,34,2
3,59,273,1,61.4,5
